"Keyword","Impressions","Clicks","CTR","Avg. Position"
"diarium","509","1","0.2%","6.903737917485265"
"mini diarium","135","47","34.81%","2.955556296296296"
"mini diary","95","8","8.42%","2.9684189473684217"
"diarium pc","62","1","1.61%","7.693545161290323"
"diarium pc diary app","17","0","0%","5.8235117647058825"
"diarium windows journaling app","15","0","0%","6.26666"
"diary app for windows","10","2","20%","6.3"
"diarium for windows","9","0","0%","8.333333333333334"
"offline diary for pc","9","0","0%","6.555555555555555"
"diarium log in page","8","0","0%","7"
"mini diaries","8","0","0%","4.5"
"dairium","7","0","0%","8"
"diarium app","7","0","0%","9.714285714285714"
"diarium download","6","0","0%","8.833333333333334"
"diriun","6","0","0%","3"
"mini-diary","6","0","0%","2"
"diarium link to get started","6","0","0%","6.5"
"diarium journaling app for windows","6","0","0%","4"
"mini diarium wiki","5","0","0%","6.2"
"windowsdiary","5","0","0%","6.8"
"diairum","5","0","0%","6.4"
"diarium html export","4","0","0%","5"
"mini diary download","4","2","50%","1.5"
"desktop diary windows","4","0","0%","6.75"
"work journal for linux pc","4","0","0%","6.5"
"open source free journal notepad encrypted","4","0","0%","6"
"darium","4","0","0%","9.000025"
"diarium windows journal app","4","0","0%","3.25"
"diarium free download for pc","4","0","0%","8.5"
"offline journal","4","0","0%","8.75"
"duary window","3","0","0%","7"
""/applications/mini diarium.app"","3","3","100%","1"
"mini-diarium","3","1","33.33%","5.6667"
"diarium app for pc","3","0","0%","9"
"diarium desktop","3","0","0%","6.333333333333333"
"miny diary","3","0","0%","2"
"mini dairium","3","1","33.33%","5.6667"
"diarium app windows journal encryption technical architecture","3","1","33.33%","5.3333"
"diarium windows 11 download free","3","0","0%","8.666666666666666"
"offline encrypted diary","3","0","0%","3"
"download diarium for windows","3","0","0%","9.666666666666666"
"diarium online","3","0","0%","7.666666666666667"
"journal app for windows","3","0","0%","9.333333333333334"
"diarium free download for windows","3","0","0%","10"
"can i make multiple entries on the same day in diarium telkom","3","0","0%","3"
"free offline diary with tables windows","3","0","0%","3.3333333333333335"
"https://mini-diarium.com/","3","1","33.33%","5.3333"
""private diary" скачать для компьютера","2","0","0%","5"
"diary app for pc","2","0","0%","9"
"offline journal app","2","0","0%","8"
"private diary","2","0","0%","10"
"diary offline","2","0","0%","5.5"
"minitial diarium","2","1","50%","2"
"diarium app for mini ipad","2","0","0%","4.5"
"mini diry","2","0","0%","1"
"diarium windows 10","2","0","0%","8"
"turnseq the journelling app in windows","2","0","0%","8"
"private diary windows app","2","0","0%","3"
"diarium vs day one","2","0","0%","7"
"offline diary app for windows","2","0","0%","4"
"desktop diary","2","0","0%","7.5"
"mini diarium spell check","2","0","0%","3.5"
"diarium.exe","2","0","0%","7.5"
"can you lock certain entries in diarium","2","0","0%","3.5"
"diarium download for windows","2","0","0%","8.5"
"encrypted daily journal for kids","2","0","0%","5"
"mini‑diarium","2","1","50%","2.5"
"can i open diarium from web","2","0","0%","4"
"mini diary setup","2","0","0%","6.5"
"diary app windows","2","0","0%","7"
"opesnpurce windows journal","2","1","50%","5"
"journal app for windows saves to desktop","2","0","0%","5"
"diarium journal","2","0","0%","7"
"diarium show day of week in entry","2","0","0%","3.5"
"encrypted journal software","2","0","0%","2.5"
"tutorial for diarium journal","2","0","0%","5"
"free journal offline","2","0","0%","9"
"diarium app per pc","2","0","0%","8"
"mini diarium下载","2","0","0%","5"
"github ldiary","2","0","0%","7"
"diarium linux","2","0","0%","5"
"journal app for pc","2","0","0%","6"
"diarium authentificator","2","0","0%","6"
"encrypted journal offline local first private notes","2","1","50%","4"
"diarium journaling app","2","0","0%","10"
"diarium help","2","0","0%","3"
"why is a journal offline?","2","0","0%","2.5"
"the minidiary","2","0","0%","2"
"jurnal offline","2","0","0%","7"
"does diarium have a password","2","0","0%","5.5"
"mini diary open source encrypted journal github abandoned","2","0","0%","2.5"
"diavium","2","0","0%","6"
"mini diarium download","2","0","0%","5"
"can you password protect certain entries in diarium","2","0","0%","3.5"
"apple journal for windows desktop","1","0","0%","6"
"diarium app voor windows","1","0","0%","6"
"dioriun","1","0","0%","6"
"portal diarium","1","0","0%","5"
"free diarium","1","0","0%","6"
"is desktop diary safe app to use","1","0","0%","4"
"diary for pc offline","1","0","0%","3"
"mini diries","1","0","0%","5"
"free download diary for linux","1","0","0%","7"
"windows 11 encrypted journal app","1","0","0%","5"
"diarium donwnload windows","1","0","0%","8"
"mini diarium  -site:csdn.net","1","1","100%","1"
"diary block on windows","1","0","0%","3"
"diarium gihub","1","0","0%","2"
"diarium apk windows 11 gratis","1","0","0%","9"
"is there some kind of good computer diary app that you can use offline or some kindo of dissociative identity disorder app that you can use for free or is open source for the computer","1","0","0%","2"
"diarium é gratuito para windows11? download","1","0","0%","10"
"journal software for mac mini computer","1","0","0%","6"
"diary app destop","1","0","0%","9"
"minidiary note","1","0","0%","3"
"journal with an encryption key","1","0","0%","5"
"encrypted diary","1","0","0%","2"
"diarium app free download for lenovo laptop4","1","0","0%","10"
"desktop diary free download","1","0","0%","10"
"local-first privacy-first encrypted diary photo manager offline app alternative obsidian standard notes 2026","1","0","0%","6"
"darium app","1","0","0%","10"
"diariumm","1","0","0%","7"
"windows 11 "encrypted" journal app","1","0","0%","2"
"diarium download für pc","1","0","0%","8"
"price diarium for windows","1","0","0%","8"
"mini diary linux appimage","1","0","0%","4"
"appe journal app for windows","1","0","0%","6"
"getting started on diarium on android","1","0","0%","10"
"encrypting journal windows","1","0","0%","1"
"encrypted diary for hidden passwords software","1","0","0%","2"
"journal-offline","1","0","0%","2"
"diarium.com","1","0","0%","6"
"min diary","1","0","0%","4"
"diary application for windows","1","0","0%","7"
"diarium journal software","1","0","0%","6"
"diarium app database encryption technical details windows uwp","1","1","100%","6"
"offline diary","1","0","0%","5"
"create your own offline  desktop diary","1","2","200%","1"
"apple journal app encryption biometric recovery vs diarium standard notes diary encryption security approach comparison","1","1","100%","5"
"diarium windows 10 download 64 bit","1","0","0%","10"
"diarium windows diary app","1","0","0%","9"
"diarium import","1","0","0%","2"
"notes diary journel windows","1","0","0%","6"
"offline jack off diary","1","0","0%","7"
"diarium dagboek windows","1","0","0%","7"
"diraium","1","0","0%","5"
"diairun","1","0","0%","3"
"minidiary open source journal app","1","0","0%","1"
"windows diary apps","1","0","0%","8"
"diarium a space ai","1","0","0%","3"
"journal software for mac mini 1","1","0","0%","5"
"shortcut for bullet tesxt in diarium","1","0","0%","7"
"diarium or day one","1","0","0%","7"
"journal app window","1","0","0%","9"
"diarium diary app for pc free download","1","0","0%","7"
"deairy github","1","0","0%","7"
"diary apps for windows","1","0","0%","7"
"minidiary notes","1","0","0%","4"
"diary for the windowa","1","0","0%","10"
"diary app github","1","0","0%","3"
"diarium app free download for lenovo laptop","1","0","0%","10"
"journal ios on windows","1","0","0%","8"
"journal apps free private windows","1","0","0%","10"
"dyarium","1","0","0%","7"
"macjournal windows","1","0","0%","8"
"micro diary","1","0","0%","8"
"how to encrypt a private journal on a computer","1","0","0%","5"
"ai journaling app privacy concerns data encryption local storage 2025","1","0","0%","1"
"dinarioum","1","0","0%","8"
"mettere in sintonia diarium app con windous","1","0","0%","5"
"mini diary for next day target in laptop free download","1","0","0%","3"
"offline journal app for windows","1","0","0%","5"
"open-source offline journaling app with markdown and encryption","1","0","0%","7"
"journal app offline download for computer","1","0","0%","6"
"encryption dairy github","1","1","100%","4"
"journal for windows offline","1","1","100%","3"
"mini diary for mac","1","0","0%","3"
"muicrosoft: diarium","1","0","0%","6"
"windows journal linux","1","0","0%","10"
"desktop diary on screen","1","0","0%","8"
"diarium journal sign in","1","0","0%","8"
"private diary app market size offline local storage no cloud privacy focused 2024 2025","1","0","0%","2"
"windows journal app download","1","0","0%","9"
"encrypted daily journal","1","0","0%","8"
"com.eliu48.encrypteddiary","1","0","0%","5"
"diarium pricing windows mac ios android one-time purchase cost 2025","1","0","0%","8"
"keyboard diary","1","0","0%","6"
"offline diary for pc with picture capabilities reddit","1","0","0%","4"
"doarium windows","1","0","0%","8"
"diarium windows下载","1","0","0%","8"
"www.diarium.com","1","0","0%","7"
"diarium auf smartphone und windows","1","0","0%","8"
"offline masturbation diary","1","0","0%","1"
"does windows have a diary app","1","0","0%","9"
"diarium desktop app","1","0","0%","5"
"diary aes","1","0","0%","7"
"export day one to diarium","1","0","0%","6"
"diarium windows","1","0","0%","3"
"how do i delete a screenshot photo that attached to my diarium entry","1","0","0%","4"
"diary private app for windows","1","0","0%","2"
"jaurnal in mini diary","1","0","0%","1"
"mini app windows","1","0","0%","9"
"diuium","1","0","0%","5"
"diarlium","1","0","0%","7"
"diarium app windows","1","0","0%","7"
"diary on windows","1","0","0%","7"
"doiarium","1","0","0%","4"
"diarium(windows)","1","0","0%","4"
"diarium windows download","1","0","0%","10"
"diarium app for windows","1","0","0%","6"
"diarlym","1","0","0%","10"
"i can't download diarium on my windows pc","1","0","0%","9"
"diary a[[ for windows","1","0","0%","5"
"journal offline","1","0","0%","9"
"local first diary on windows","1","0","0%","2"
"is there an incognito diary","1","0","0%","5"
"diarum","1","0","0%","9"
"darium journal","1","0","0%","6"
"diarium i","1","0","0%","5"
"diarium app write an day entry example","1","0","0%","2"
"how can you copy and paste text to a diarium journal.","1","0","0%","3"
"windows journal for linux","1","0","0%","6"
"journal software for mac mini","1","0","0%","6"
"diarium free","1","0","0%","5"
"free journal apps for laptop with privacy and security features","1","0","0%","1"
"desktop file diary system","1","0","0%","3"
"diarium für pc","1","0","0%","10"
"diarium: journal, diary & notes","1","0","0%","7"
"diarrum","1","0","0%","6"
"mini diary linux","1","0","0%","1"
"journal software for mac mini download","1","0","0%","2"
"psychonaut journal app for windows","1","0","0%","10"
"diarium journal app en ligne","1","0","0%","10"
"how to open diary on pc","1","0","0%","7"
"diarium diary: private journal","1","0","0%","9"
"diarium pra windows","1","0","0%","9"
"hidden journal app for pc","1","0","0%","4"
"encrypted journal app","1","0","0%","6"
"free end to end encrypted diary","1","0","0%","8"
"diarium journal pc","1","0","0%","6"
"offline diary and notes app for windows 10 download free","1","0","0%","5"
"diarium windows journaling app free","1","0","0%","10"
"diavraium","1","0","0%","9"
"journal app in linux","1","0","0%","10"
"journal app offline for windows","1","0","0%","3"
"apple journal for windows desktop app","1","0","0%","8"
"diarium app per pcc","1","0","0%","6"
"darium inrernum","1","0","0%","8"
"dayone kann man von diarium importieren?","1","0","0%","6"
"mini diary app","1","0","0%","4"
"diary opensoure","1","0","0%","9"
"how to my usb a secure journal","1","0","0%","4"
"mini diary6","1","0","0%","2"
"where does diarium sync its file with dropbox","1","0","0%","7"
"journaling app free exe","1","0","0%","4"
"encrypt-diary","1","0","0%","1"
